{
	"class_name" : "PinholeCameraParameters",
	"extrinsic" : 
	[
		0.035542252610243956,
		-0.28041050134287537,
		0.95922192375697246,
		0.0,
		-0.99918609845243189,
		-0.028292044962065634,
		0.028752406008393176,
		0.0,
		0.019075873211903922,
		-0.95946313682626805,
		-0.28118783781078011,
		0.0,
		7.2543833452208659,
		4.6544541539122068,
		6.9236951710009134,
		1.0
	],
	"intrinsic" : 
	{
		"height" : 752,
		"intrinsic_matrix" : 
		[
			651.25110364589796,
			0.0,
			0.0,
			0.0,
			651.25110364589796,
			0.0,
			692.5,
			375.5,
			1.0
		],
		"width" : 1386
	},
	"version_major" : 1,
	"version_minor" : 0
}